"","text","n"
"1","old river road",96
"2","centralia danville effingham fairfield flora",63
"3","moon river studios",49
"4","centralia effingham fairfield flora",47
"5","west peoria wood river walmart benton carbondale",42
"6","the ogeechee river",34
"7","walmart benton carbondale",33
"8","marion mount vernon",31
"9","moon river studios master plan",31
"10","east moline east peoria",30
"11","rantoul rock island sherman",30
"12","wabash river hills",30
"13","alert accident i16 eb old river road",25
"14","exclusive maxfield real estate",22
"15","a stage reading",20
"16","effingham county commissioners approval",20
"17","west peoria wood river",20
"18","a virtual tour",18
"19","the savannah river",18
"20","east moline east saint louis edwardsville effingham elburn elgin",17
"21","east moline effingham",17
"22","the lynches river",15
"23","366 pine river road effingham",14
"24","cr 310 effingham",13
"25","east saint louis edwardsville effingham",13
"26","effingham county ida",13
"27","roadwork alert roadwork i16 eb",13
"28","waterloo wood river",13
"29","148 mi 147148 effingham",12
"30","evanston freeburg lena mcleansboro smithton",12
"31","moon river studios project",12
"32","sterling streator taylorville",12
"33","urbana washington waterloo",12
"34","wb old river road cr",12
"35","centralia danville effingham",11
"36","effingham county georgia",11
"37","elgin fairview heights fox lake",11
"38","<u+2191> flood",10
"39","1 ln of 1 clsd",10
"40","1560 acre film production property",10
"41","310 mp 147 effingham",10
"42","310 mp 148 effingham",10
"43","dixon dolton downers",10
"44","granite city gurnee hanover park",10
"45","herrin lawrenceville marion mount vernon",10
"46","lawrenceville marion mount vernon",10
"47","old river rd",10
"48","the moon river",10
"49","crestwood danville decatur",9
"50","freeport galesburg geneseo geneva",9
"51","of 2 clsd",9
"52","ogeechee river advisory",9
"53","rock island sherman shiloh",9
"54","sterling taylorville urbana vandalia",9
"55","the river don",9
"56","11670  wabash river hills",8
"57","146 mi 147146 effingham",8
"58","east saint louis edwardsville effingham elburn elgin",8
"59","harrisburg lawrenceville marion mount vernon",8
"60","minor flood stage",8
"61","moderate flood stage",8
"62","roadwork alert roadwork",8
"63","sterling streator taylorville urbana vandalia",8
"64","swansea taylorville troy",8
"65","the little wabash river",8
"66","1054 old river road",7
"67","accident i16 eb old river road",7
"68","centralia chicago effingham",7
"69","east moline east peoria east saint louis edwardsville effingham elburn elgin",7
"70","effingham county yogabota yoga studio",7
"71","elgin elmwood park fairview heights forest park fox lake",7
"72","georgia river officials",7
"73","rd mp 148 effingham",7
"74","sterling streator swansea",7
"75","taylorville wood river health mart bartlett effingham",7
"76","urbana west peoria wood river walmart benton carbondale",7
"77","yogabota yoga studio",7
"78","0 pine river effingham",6
"79","alert crash i16",6
"80","alert new shipper load",6
"81","effingham county commissioners approval effingham county commissioners",6
"82","effingham studio site",6
"83","harrisburg marion mount vernon olney salem",6
"84","herrin lawrenceville marion mount vernon murphysboro",6
"85","major flood stage",6
"86","the mississippi river",6
"87","update alert veh fire i16 eb exit rand old river",6
"88","walmart beardstown benton carbondale",6
"89","alton anna belleville",5
"90","freeport galesburg geneva glen ellyn glendale hts",5
"91","glen carbon glen ellyn",5
"92","health mart bartlett effingham",5
"93","little wabash river",5
"94","lot 28 pine river road effingham",5
"95","moon river retreats",5
"96","moon river twopicture deal",5
"97","murphysboro olney salem",5
"98","old river road wreck",5
"99","stream centralia chicago effingham",5
"100","taylorville wood river hyvee canton galesburg hamilton macomb peoria",5
"101","u+200b>moon river studios master plan",5
"102","yorkville walmart benton carbondale",5
"103","310 mp 150 effingham",4
"104","9am sch",4
"105","alert accident i16 wb old river road",4
"106","all lns blkd",4
"107","cr 310 mi 147146 effingham",4
"108","cr 310 mp 147 effingham",4
"109","darien decatur deerfield",4
"110","effingham movie studio",4
"111","elk grove village elmwood park evanston evergreen park fairview heights forest park fox lake fox river grove frankfort",4
"112","evanston lena mcleansboro warren",4
"113","fatal multivehicle wreck",4
"114","fox river grove frankfort",4
"115","galesburg geneseo geneva",4
"116","hainesville hanover park",4
"117","heights fox lake fox river",4
"118","hwy 4151 bridge",4
"119","i16old river road",4
"120","kewanee macomb metropolis",4
"121","little river band  effingham performance center",4
"122","major flood event",4
"123","moon river master plan",4
"124","moon river studio defaults",4
"125","murphysboro pana quincy rock island shiloh",4
"126","ogeechee river advisories",4
"127","peoria peoria heights",4
"128","rantoul rock island rockford sherman",4
"129","roadwork alert roadwork i16 eb old river road",4
"130","roadwork i16 eb old river road",4
"131","rock island sherman",4
"132","savannah river house",4
"133","the effingham county emergency management agency",4
"134","the effingham county industrial development authority",4
"135","the great pee dee river",4
"136","vernon murphysboro pana pekin peoria",4
"137","washington waterloo waukegan wheaton wood river woodridge health mart bartlett benton carol",4
"138","waukegan wood river zion hyvee canton galesburg hamilton macomb milan moline peoria",4
"139","west peoria wood river walmart beardstown benton carbondale",4
"140","wood river walmart benton carbondale",4
"141","wood river woodridge",4
"142","0 pine river road effingham",3
"143","14 pine river path",3
"144","28 island circle river horse valley business park effingham",3
"145","4 lee county",3
"146","a chimney fire",3
"147","a fatal crash",3
"148","a fishing and swimming adv",3
"149","centralia effingham fairfield flora harrisburg marion mount vernon olney salem",3
"150","chatham effingham jasper beaufort  cells",3
"151","class 6a 1 pope 2 river ridge 3 allatoona",3
"152","danville darien decatur",3
"153","effingham county sheriffs office",3
"154","effingham fairfield flora",3
"155","elk grove village elmhurst elmwood park evergreen park fairview heights forest park fox lake fox river grove",3
"156","evanston lena mcleansboro warren westmont cvs canton decatur",3
"157","fairview heights fox lake fox river",3
"158","fox river grove frankfort franklin park freeport galesburg geneseo geneva",3
"159","grove village elmhurst elmwood park evanston evergreen park fairview heights forest park fox lake",3
"160","grove village evanston forest park fox lake fox river grove frankfort",3
"161","harrisburg herrin highland jerseyville macomb metropolis",3
"162","harrisburg herrin lawrenceville marion mount vernon",3
"163","health mart bartlett effingham walmart anna freeport",3
"164","heavier showers",3
"165","hyvee bloomington canton galesburg hamilton macomb milan moline peoria",3
"166","i16old river road interchange project",3
"167","inc fonu otcqb | effingham county ida",3
"168","industrial development authority",3
"169","island sherman shiloh",3
"170","jobs tax funds",3
"171","lena mcleansboro warren",3
"172","milan moline monmouth mount vernon",3
"173","moon river ceo",3
"174","moon river defaults",3
"175","moon river touts documentary",3
"176","mount vernon murphysboro pana quincy springfield",3
"177","murphysboro olney salem cvs",3
"178","murphysboro olney salem hyvee",3
"179","murphysboro pana quincy rock island sherman springfield",3
"180","ogeechee river fish",3
"181","peru rock island silvis springfield sycamore health mart bartlett effingham",3
"182","plano pontiac quincy",3
"183","rantoul rock island sherman shiloh",3
"184","river cities community credit union",3
"185","river hyvee bloomington canton galesburg hamilton macomb milan moline peoria",3
"186","rock island shiloh",3
"187","severe tstorm warning",3
"188","sterling streator swansea taylorville troy",3
"189","streator taylorville urbana vandalia",3
"190","the effingham community",3
"191","the effingham county sheriffs office",3
"192","the lynches river crest",3
"193","the national weather service",3
"194","the ossipee river",3
"195","the savannah area",3
"196","the york river",3
"197","traffic alert accident",3
"198","urbana watseka wood river health mart bartlett benton carol stream centralia chicago effingham",3
"199","waterloo wood river hyvee canton galesburg macomb",3
"200","waterloo wood river walmart benton carbondale",3
"201","winderbarrow 6 effingham county 7 houston county 8 glynn academy 9 heritageconyers",3
"202","wood river hyvee canton galesburg hamilton macomb milan peoria",3
"203","$10 million cold storage business",2
"204","$310000 2 bathrooms 4032 sq",2
"205","000 pine river road effingham",2
"206","1130am  doppler",2
"207","2 blkd ocrd 406pm",2
"208","2 cl| 500p",2
"209","28 pine river road effingham",2
"210","2pn radar update",2
"211","310 mi 14751485 effingham",2
"212","9127548200  emergency dial",2
"213","9am sch |",2
"214","a  video",2
"215","a church van",2
"216","a diesel truck",2
"217","a fishing and swimming advisory",2
"218","a jet ski",2
"219","a river advisory",2
"220","a south effingham high school student",2
"221","alert crash i16 eb old river road",2
"222","alert flood warning",2
"223","all lns clsd",2
"224","americas largest film and television studio project",2
"225","any flooding issues",2
"226","applebox note moon river",2
"227","beaufort river st",2
"228","beleaguered  movie maker moon river",2
"229","benedictine calvary richmond hill effingham",2
"230","bryan chatham bulloch effingham",2
"231","business hosting social media luncheon",2
"232","cary centralia chandaign channahon charleston chatham chicago clinton",2
"233","co emergency management agency",2
"234","co sheriffs office",2
"235","columbia danville decatur dekalb dixon",2
"236","crash i16 eb old river road",2
"237","crash i16 wb old river road",2
"238","crestwood crystal lake danville darien decatur deerfield dekalb des plaines",2
"239","cvs belleville hoopeston pekin walmart benton carbondale",2
"240","den 2nd floor",2
"241","east moline east peoria edwardsville effingham",2
"242","east moline east saint louis edwardsville effingham",2
"243","east moline edwardsville",2
"244","east saint louis edwardsville effingham elburn elgin elk grove village elmhurst elmwood park evanston evergreen park fairview heights forest park fox lake fox river grove frankfort franklin park freeport galesburg geneseo",2
"245","east saint louis effingham",2
"246","east saint louis effingham galesburg granite city harrisburg herrin highland jerseyville macomb metropolis",2
"247","effingham and bulloch counties",2
"248","effingham county ida ceo",2
"249","effingham kayakers body",2
"250","effingham movie studio moon river studios",2
"251","effingham road showing wicker goods station",2
"252","effingham sheriffs office truck",2
"253","elgin elmwood park fairview heights fox lake",2
"254","elgin elmwood park fairview heights fox lake fox river grove frankfort",2
"255","elk grove village elmwood park evanston evergreen park fairview heights forest park fox lake",2
"256","elk grove village elmwood park evanston evergreen park fairview heights forest park fox lake fox river grove",2
"257","elk grove village elmwood park evanston evergreen park fairview heights forest park fox lake fox river grove frankfort franklin",2
"258","elk grove village evanston forest park fox lake fox river grove",2
"259","exp clr 443am| 424a",2
"260","exp clr 443am| 444a",2
"261","exp clr 630am| 607a",2
"262","fairview heights fox lake",2
"263","fallon olney ottawa peru",2
"264","fallon peoria rock island",2
"265","fallon peoria rock island rockford",2
"266","fallon rock island",2
"267","florence county deputies",2
"268","former hurricane florence",2
"269","fox river grove freeport galesburg geneseo glen carbon granite city grayslake hainesville harrisburg hazel crest",2
"270","freeport galesburg geneseo geneva glen carbon glendale hts",2
"271","friday afternoon story",2
"272","ft <u+2191> flood",2
"273","ga 17 and old river road",2
"274","granite city hanover park",2
"275","grove village elmhurst elmwood park evanston fairview heights forest park fox lake",2
"276","grove village elmwood park evanston evergreen park fairview heights forest park fox lake fox river grove frankfort franklin park freeport",2
"277","grove village evanston forest park fox lake fox river grove frankfort freeport galesburg geneva glen ellyn glendale hts",2
"278","grove village fairview heights fox lake fox river grove frankfort",2
"279","harrisburg harvard herrin",2
"280","harrisburg herrin highland lawrenceville marion mount vernon murphysboro olney",2
"281","harrisburg herrin lawrenceville",2
"282","harrisburg lawrenceville marion mount vernon murphysboro olney salem hyvee bloomington galesburg",2
"283","harrisburg marion mount vernon",2
"284","harrisburg marion mount vernon olney salem cvs belleville",2
"285","heights fox river",2
"286","herrin lawrenceville marion mount",2
"287","highland hoffman estates",2
"288","highland lawrenceville marion mount vernon",2
"289","i16 and old river road exit",2
"290","island sherman springfield swansea taylorville troy",2
"291","just a short distance",2
"292","just renovated apartment",2
"293","lawn palos park silvis st charles",2
"294","lawrenceville marion mount vernon murphysboro olney",2
"295","lena mcleansboro warren westmont cvs canton decatur",2
"296","little wabash river effingham",2
"297","ln of 2 clsd",2
"298","locally heavy rainfall",2
"299","lynchs rivereffingham areas",2
"300","memorial health holiday classic round 1 starts",2
"301","michael yardley morrisville rd",2
"302","moline east peoria",2
"303","moline mount vernon",2
"304","moon river movie studios project",2
"305","moon river partners",2
"306","mount vernon murphysboro pana peru quincy",2
"307","murphysboro normal pana pekin peoria peoria",2
"308","murphysboro olney rockford salem cvs",2
"309","murphysboro pana pekin peoria peoria",2
"310","murphysboro pana peru quincy rock island shiloh",2
"311","new ogeechee river bridge",2
"312","no watchwarns  rains",2
"313","normal pana pekin peoria peoria",2
"314","nov 25 1000 pm",2
"315","nov 8 1000 pm",2
"316","ocrd 451pm exp clr 530pm| 524p",2
"317","ogeechee river bridge",2
"318","old river road effingham",2
"319","old river road mp",2
"320","other federal reports",2
"321","our durban offices",2
"322","our savannah river mill",2
"323","pana pekin peoria",2
"324","pekin walmart benton carbondale",2
"325","pontiac quincy rock island shiloh",2
"326","princeton quincy rantoul richton park rockford round lake beach silvis sterling streamwood streator taylorville urbana vandalia",2
"327","research targets health",2
"328","rock island sherman springfield swansea taylorville troy",2
"329","rock island springfield health mart benton centralia effingham lena",2
"330","saint louis edwardsville effingham",2
"331","savannah morning news",2
"332","savannah morning news moon river",2
"333","springfield cvs belleville hoopeston pekin walmart benton carbondale",2
"334","springfield swansea taylorville",2
"335","springfield swansea taylorville troy",2
"336","springfield swansea taylorville wood river hyvee bloomington canton galesburg hamilton macomb milan moline peoria",2
"337","springfield walmart benton carbondale",2
"338","sterling streator sugar grove swansea taylorville troy",2
"339","sterling streator swansea taylorville",2
"340","sterling streator swansea taylorville washington waterloo west peoria wood river health mart bartlett benton carol stream centralia chicago effingham",2
"341","sterling streator taylorville urbana vandalia washington watseka wood river health mart bartlett benton carol",2
"342","streator wood river",2
"343","taylorville tinley park troy urbana washington waterloo west peoria",2
"344","taylorville troy urbana washington waterloo",2
"345","taylorville wood river",2
"346","taylorville wood river cvs belleville flossmoor",2
"347","taylorville wood river hyvee bloomington canton galesburg hamilton macomb milan moline peoria",2
"348","the  river countryside",2
"349","the black creekquinby",2
"350","the blue loop",2
"351","the don steel",2
"352","the ebenezer creek",2
"353","the effingham county",2
"354","the effingham county sheriffs",2
"355","the effinghambryan county line",2
"356","the effinghambulloch county line",2
"357","the favorable changes",2
"358","the highest population",2
"359","the interstate 70 work zone",2
"360","the kaskaskia river",2
"361","the lumber river",2
"362","the rotary club",2
"363","the savannah and ogeechee river",2
"364","the trec trail",2
"365","the westbound lanes",2
"366","third lake tinley",2
"367","tractor trailer overturns",2
"368","traffic alert wreck",2
"369","u+0001f6d1>430pm update i16 eastbound",2
"370","update effingham man",2
"371","update roadwork alert roadwork",2
"372","update roadwork alert roadwork i16 eb old river road",2
"373","urbana washington west peoria wood river walmart benton carbondale",2
"374","urbana waterloo west peoria wood river walmart benton carbondale",2
"375","urbana west peoria wood river hyvee galesburg macomb cvs canton walmart benton carbondale",2
"376","urbana wood river",2
"377","veh i16 eb old river road",2
"378","walgreens anna belleville carbondale centralia chatham east saint louis effingham",2
"379","walk mill weir river don",2
"380","warren cvs addison",2
"381","warren jewelosco algonquin barrington fox lake fox river grove gurnee lake",2
"382","warren westmont hyvee",2
"383","washington waterloo waukegan wheaton wood river woodridge health mart bartlett benton carol stream",2
"384","watch effingham county sheriffs office",2
"385","waterloo wood river hyvee canton galesburg macomb milan",2
"386","waterloo wood river hyvee galesburg macomb cvs belleville hoopeston pekin walmart benton carbondale",2
"387","watseka wood river cvs",2
"388","watseka wood river woodstock zion health mart bartlett benton carol",2
"389","wb old river road cr 310 effingham",2
"390","west peoria wood river cvs belleville hoopeston walmart benton carbondale",2
"391","west peoria wood river hyvee galesburg macomb cvs belleville walmart benton carbondale",2
"392","westmont hyvee canton galesburg hamilton",2
"393","westmont wheaton wheeling willowbrook",2
"394","westmont wheaton willowbrook",2
"395","winnetka wood river woodridge",2
"396","wood river cvs canton decatur",2
"397","wood river health mart bartlett benton carol",2
"398","wood river health mart benton centralia chicago effingham",2
"399","woodstock yorkville walmart benton carbondale",2
"400","yorkville zion walmart benton carbondale",2
"401","$18 million judgment",1
"402","$184900 approximately 68 acres",1
"403","$390000 call",1
"404","$fonu effingham county ida",1
"405","$fonu fonu2",1
"406","$fonu great news work",1
"407","$fonu news",1
"408","$fonud newsannounces acquisition",1
"409","| mark |",1
"410","02ft <u+2191> flood",1
"411","045ft <u+2191> flood",1
"412","051ft <u+2191> flood",1
"413","052ft <u+2191> flood",1
"414","056ft <u+2191> flood",1
"415","09221945 2 2000 ft",1
"416","09241928 5 1925 ft",1
"417","1 2121 ft",1
"418","1 ese blichton effingham",1
"419","1 pm mater",1
"420","1 ssw meldrim effingham",1
"421","10 dead fish",1
"422","100 pm edt 4 sw effingham carroll",1
"423","106 pine river path effingham",1
"424","111 your lady wolfpack",1
"425","1114pm exp clr",1
"426","12 1100 pm",1
"427","1330 location river don effingham street  task",1
"428","142017 noon launch",1
"429","15  1100 pm",1
"430","15 different traffic violations",1
"431","16 $100 cable washer dryer",1
"432","16 sga 21 flint river 14 coffee 24 valdosta",1
"433","164 river road",1
"434","17 past ella taylor details",1
"435","171 major flood stage",1
"436","179  pee dee river",1
"437","181 sun morning",1
"438","18yof ossipee river",1
"439","19  current forecast",1
"440","19 yo effingham co man",1
"441","2 new members",1
"442","2 redhead goosander",1
"443","201314 girls region chands",1
"444","20140325 950 edt |",1
"445","2016 six subsequent summer records",1
"446","21 200 pm edt",1
"447","21 800 pm edt",1
"448","21 keion wallace",1
"449","224ft <u+2191> flood",1
"450","23 1 run wolves",1
"451","258 pine river rd effingham",1
"452","26 effinghambryan co line",1
"453","264 eb crash",1
"454","27 1000 pm",1
"455","27 merchant mariners",1
"456","2717 keion wallace",1
"457","31  current observed levels",1
"458","31 581 5800 28 island circle river horse valley business park effingham",1
"459","31 richmond hill 21 johnson 54 calvary 39 hilton head christian",1
"460","339 inch elsa storm",1
"461","34 pine river path effingham",1
"462","381ft <u+2191> flood",1
"463","39 new athens 40 red bud 39 eisenhower",1
"464","4 blkd ocrd 406pm",1
"465","41 maroa forsyth 47 arthur okaw",1
"466","46 main jv",1
"467","462 feral pigeon",1
"468","48 effingham county georgia county seat springfield largest city rincon",1
"469","51 acres project",1
"470","51 and river ridge",1
"471","52 bt effingham",1
"472","529 effingham street",1
"473","59 east alton wood river",1
"474","5a northgate cambridge union",1
"475","5vehicle wreck effingham",1
"476","600 or more people",1
"477","600 v practice",1
"478","61 south effingham",1
"479","6a second round winderbarrow",1
"480","7 statesboro 7 1st quarter memorial day 13 flint river academy 0 1st quarter richmond hill",1
"481","70 new job listings",1
"482","7pm dupo",1
"483","8 221 pm edt",1
"484","80 and old river",1
"485","80 old river road",1
"486","80 traffic shift",1
"487","817 kickoff 730pm effingham co  evans",1
"488","911 call center reports tstm wnd",1
"489","a  boat",1
"490","a 2009 graduate",1
"491","a 21yearold effingham woman",1
"492","a 25k person",1
"493","a 51yearold effingham county man",1
"494","a 70plus year old bridge",1
"495","a 70plus year old effingham county bridge",1
"496","a bad wreck",1
"497","a barracuda water bikejust",1
"498","a barrier wall",1
"499","a beautiful river",1
"500","a beautiful sight",1
"501","a big change",1
"502","a big crane",1
"503","a big increase",1
"504","a blackwater tributary",1
"505","a caspian gull",1
"506","a commemorative home plate",1
"507","a cool video",1
"508","a couple more days",1
"509","a daily basis",1
"510","a dead catfish",1
"511","a dive team",1
"512","a few gulls",1
"513","a film production equipment",1
"514","a firstsummer baltic gull",1
"515","a fishing and swimming adviso",1
"516","a flood warning",1
"517","a georgia scenic river",1
"518","a good number",1
"519","a grand job",1
"520","a grand slam",1
"521","a great addition",1
"522","a great place",1
"523","a great weekend",1
"524","a high speed chase",1
"525","a highspeed chase",1
"526","a kidney | mark",1
"527","a little river",1
"528","a log truck",1
"529","a major accident",1
"530","a major milestone",1
"531","a master plan",1
"532","a missing swimmer",1
"533","a national natural landmark",1
"534","a new cold storage business",1
"535","a new line",1
"536","a no show",1
"537","a norwegian ring",1
"538","a palmetto pride show",1
"539","a popular boat landing",1
"540","a power line",1
"541","a private boat",1
"542","a public hearing",1
"543","a rare slice",1
"544","a regional landfill",1
"545","a road block",1
"546","a rollover accident traffic",1
"547","a single vehicle accident",1
"548","a southern illinois man",1
"549","a special place",1
"550","a traffic light",1
"551","a trained spotter",1
"552","a vehicle fire",1
"553","a video tour",1
"554","a vintage bridge",1
"555","a wonderful association nice neighborhood",1
"556","a young man",1
"557","about 70 new mostly permanent jobs",1
"558","addison algonquin alsip alton anna antioch arlington heights",1
"559","adult pitsea landfill site essex",1
"560","agency employment temporary search jobs grape corner pine river",1
"561","alert accident i16 wb old river road mp",1
"562","alert debris tire i16 eb old river road",1
"563","alert veh fire i16 eb exit rand old river",1
"564","all our volunteers",1
"565","all saints church",1
"566","all the water",1
"567","almost 40 acres",1
"568","alton anna aurora belleville bethalto cahokia canton carbondale",1
"569","alton anna belleville bethalto cahokia",1
"570","alton anna belleville bethalto cahokia canton carbondale",1
"571","alton anna belleville bethalto cahokia canton carbondale charleston",1
"572","alton chenoa chicago ridge effingham evergreen park flora",1
"573","americas largest studio project",1
"574","an 11yearold missing boy",1
"575","an adult male missing",1
"576","an all way",1
"577","an alternate route",1
"578","an effingham county deputy",1
"579","an effingham county man",1
"580","an effingham county movie production firm",1
"581","an effingham county sheriffs deputy",1
"582","an identified 17yearold effingham girl",1
"583","an injury crash",1
"584","an outstanding river ridge squad",1
"585","an overturned vehicle",1
"586","anna belleville belvidere carbondale centralia",1
"587","anna bloomington carbondale decatur",1
"588","anna canton carbondale centralia",1
"589","anna canton carbondale centralia chatham decatur",1
"590","anna carbondale centralia chatham east saint louis effingham",1
"591","anna freeport galesburg marion",1
"592","anna freeport galesburg marion peru",1
"593","anna galesburg marion peru",1
"594","another new studio",1
"595","another young life",1
"596","any other southern indiana town",1
"597","at least two vehicles",1
"598","atchison county emergency management",1
"599","atl biz chronicle",1
"600","atl business chronicle",1
"601","atlanta business chronicle",1
"602","b sutton sutton place",1
"603","baltic steel works",1
"604","bears best atlanta tpc rivers",1
"605","beecher city  durand",1
"606","beleaguered effingham movie maker touts film fonu2 inc",1
"607","benton centralia chicago effingham evanston lena warren cvs belleville bloomington carbondale hoopeston milan ottawa springfield swansea jewelosco chicago east moline fox river grove lake forest moline mount",1
"608","bethalto canton carbondale centralia",1
"609","big muddy river correctional center",1
"610","bloomington carbondale decatur",1
"611","both sides traffic",1
"612","boys basketball effingham",1
"613","boys basketball rebels",1
"614","boys varsity basketball",1
"615","bracket order morton",1
"616","bradstreet film finance rock star",1
"617","bradstreet film finance rock star fonu2 inc",1
"618","breese central and wood river",1
"619","bridge s4 7zn task path work",1
"620","bucksport friday 928  socastee",1
"621","bulloch handton jasper",1
"622","cahokia carbondale collinsville",1
"623","calumet park carbondale cary chandaign channahon charleston chicago clinton",1
"624","central 7pm effingham",1
"625","central sheffield most polluted river",1
"626","centralia chicago effingham evanston lena warren cvs belleville bloomington carbondale hoopeston milan olympia fields",1
"627","centralia chicago effingham lena mcleansboro warren",1
"628","centralia chicago effingham lena mcleansboro warren hyvee bloomington canton galesburg",1
"629","centralia danville dekalb effingham",1
"630","centralia danville effingham fairfield",1
"631","centralia danville effingham fairfield flora harrisburg lawrenceville marion mount",1
"632","centralia danville effingham fairfield flora lawrenceville marion mount vernon",1
"633","centralia effingham fairfield flora lawrenceville marion",1
"634","centralia effingham fairfield flora lawrenceville marion mount",1
"635","centralia effingham fairfield flora lawrenceville marion mount vernon murphysboro olney salem cvs belleville kewanee",1
"636","centre effingham steel works",1
"637","cfo  moon river ceo shapiro",1
"638","cfo moon river ceo shapiro",1
"639","cfo moon river studios",1
"640","chandaign charleston chicago",1
"641","chandaign springfield wood river cvs belleville",1
"642","channahon charleston chicago clinton columbia crestwood danville decatur",1
"643","chatham chicago chicago heights clinton",1
"644","chatham county assisting effingham",1
"645","chatham east saint louis effingham galesburg",1
"646","cherokee  broad river electric cooperative inc 811 hamrick street gaffney",1
"647","chicago west dundee western springs",1
"648","city harrisburg harristown mount zion ofallon riverside rockton sandoval willowbrook",1
"649","clinton columbia crestwood danville decatur",1
"650","clough road ossippee",1
"651","coal city lindblom",1
"652","coal picking windsor street",1
"653","codeyellow alert route",1
"654","columbia crest hill crystal lake danville darien decatur",1
"655","columbia crest hill crystal lake danville darien decatur dekalb dixon",1
"656","columbia crest hill danville darien decatur dekalb dixon",1
"657","columbus leading river ridge",1
"658","construction  wsavtv",1
"659","contact phone see",1
"660","county  details",1
"661","county emergency management agency",1
"662","county high school",1
"663","county sheriffs office",1
"664","county west central biggsville",1
"665","creekside christian academy snake river",1
"666","crest hill crestwood crystal lake danville decatur",1
"667","crestwood crystal lake",1
"668","crestwood danville decatur dekalb dixon",1
"669","crystal lake danville",1
"670","crystal lake danville decatur",1
"671","crystal lake darien",1
"672","crystal river florida",1
"673","current discharge",1
"674","currently the only river",1
"675","cvs belleville canton hoopeston kankakee kewanee mendota pekin walmart benton carbondale",1
"676","cvs belleville canton hoopeston kewanee walmart benton carbondale",1
"677","cvs belleville flossmoor",1
"678","cvs belleville hoopeston pekin",1
"679","cvs belleville pekin walmart",1
"680","cvs belleville pekin walmart benton carbondale",1
"681","cvs belleville walmart benton",1
"682","cvs bloomington carbondale hoopeston olympia",1
"683","cvs hoopeston walmart benton carbondale",1
"684","cvs kankakee walmart benton carbondale",1
"685","da elizabeth river",1
"686","daughterinlaw kala",1
"687","daytime lane closures",1
"688","debris tire i16 eb old river road",1
"689","decatur des plaines downers",1
"690","dee little pee dee river",1
"691","des plaines downers",1
"692","detour route vineland townline",1
"693","dixon dolton east moline east peoria",1
"694","early next week",1
"695","east alton wood river",1
"696","east moline east peoria east saint louis edwardsville effingham elburn fairview heights fox lake fox river grove frankfort freeport galesburg",1
"697","east moline east peoria edwardsville effingham elburn elgin",1
"698","east moline east peoria effingham",1
"699","east moline effingham galesburg geneseo grayslake gurnee harrisburg herrin",1
"700","east moline fox river grove",1
"701","east moline homewood joliet moline",1
"702","east moline homewood moline",1
"703","east moline moline",1
"704","east saint louis edwardsville effingham elburn fairview heights fox lake fox river",1
"705","east saint louis edwardsville effingham elburn fairview heights fox lake fox river grove frankfort",1
"706","east saint louis edwardsville effingham elgin fox river grove frankfort",1
"707","eden  water",1
"708","edt 1 ese blichton effingham",1
"709","effingham | savannahnowcom",1
"710","effingham and black creek",1
"711","effingham and clay counties",1
"712","effingham and river rd",1
"713","effingham and river road destruction",1
"714","effingham and south pelham",1
"715","effingham and zeta farms",1
"716","effingham appointment card effingham",1
"717","effingham border residential area",1
"718","effingham co commission",1
"719","effingham co ema issues",1
"720","effingham co sheriffs office",1
"721","effingham county",1
"722","effingham county  cont",1
"723","effingham county commission",1
"724","effingham county commissioner",1
"725","effingham county commissioners approval effingham county",1
"726","effingham county commissioners approval effingham county comm",1
"727","effingham county construction",1
"728","effingham county def",1
"729","effingham county high school",1
"730","effingham county highway",1
"731","effingham county news",1
"732","effingham county residents",1
"733","effingham county shelter",1
"734","effingham county sheriffs office deputies",1
"735","effingham county trolled river street",1
"736","effingham county twoway traffic",1
"737","effingham county work",1
"738","effingham cty commissioners",1
"739","effingham daily news",1
"740","effingham elburn elgin",1
"741","effingham ema issues",1
"742","effingham florence county",1
"743","effingham il and river country",1
"744","effingham nh  river rescue",1
"745","effingham rdbacon lane",1
"746","effingham river frontage",1
"747","effingham road climb",1
"748","effingham road don terrace",1
"749","effingham sc  196ft <u+2191> flood",1
"750","effingham sc  321ft <u+2191> flood",1
"751","effingham sheriffs office",1
"752","effingham st anthony4 wood river",1
"753","effingham state environmental authorities",1
"754","effingham steel works",1
"755","effingham street s4 7ya",1
"756","effingham studio site firm",1
"757","effingham unit 40 schools carbondale district",1
"758","effingham yardley morrisville rd",1
"759","effinghambryan co line",1
"760","effinghamtwelve little fluffers",1
"761","el reno day",1
"762","elburn fox river",1
"763","elgin fairview heights fox lake fox river grove frankfort",1
"764","elgin fairview heights fox river",1
"765","elk grove village",1
"766","elk grove village elmhurst elmwood park evanston evergreen park fairview heights forest park fox lake fox river grove",1
"767","elk grove village elmhurst elmwood park evanston evergreen park fairview heights forest park fox lake fox river grove frankfort franklin park",1
"768","elk grove village elmhurst elmwood park evanston fairview heights forest park fox lake fox river grove",1
"769","elk grove village elmhurst elmwood park evanston forest park fox lake fox river grove frankfort freeport",1
"770","elk grove village elmhurst elmwood park evergreen park fairview heights forest park fox lake fox river grove frankfort franklin",1
"771","elk grove village elmhurst elmwood park evergreen park fairview heights forest park fox lake fox river grove frankfort franklin park",1
"772","elk grove village elmhurst elmwood park evergreen park fairview heights forest park fox river grove frankfort franklin",1
"773","elk grove village elmwood park evanston evergreen park fairview heights forest park fox lake fox river grove frankfort franklin park",1
"774","elk grove village elmwood park evanston evergreen park forest park fox lake",1
"775","elk grove village elmwood park evanston evergreen park forest park fox lake fox river grove",1
"776","elk grove village elmwood park evanston fairview heights forest park fox lake fox river grove",1
"777","elk grove village elmwood park evergreen park fairview heights forest park fox lake fox river grove frankfort franklin park freeport",1
"778","elk grove village evanston forest park fox lake fox river grove frankfort freeport",1
"779","elk grove village evanston forest park fox lake fox river grove frankfort freeport galesburg geneva glen",1
"780","elk grove village fairview heights fox lake fox river grove frankfort freeport galesburg geneseo geneva glen carbon",1
"781","elmhurst elmwood park evanston fairview heights forest park fox lake",1
"782","enterprise fleet management",1
"783","enterprise fleet management fonu2",1
"784","enterprise rental cars",1
"785","equipment fonu2 inc",1
"786","etcapproximately 77 acres",1
"787","evanston freeburg lena",1
"788","evanston freeburg lena mcleansboro",1
"789","evanston lena cvs bloomington carbondale hoopeston pekin jewelosco alsip chicago",1
"790","evanston lena mcleansboro",1
"791","evanston lena mcleansboro warren cvs",1
"792","evanston lena mcleansboro warren westmont cvs",1
"793","evanston lena mcleansboro warren westmont hyvee bloomington canton galesburg hamilton macomb milan moline peoria",1
"794","evanston lena mcleansboro warren westmont kroger anna bloomington bourbonnais carbondale decatur",1
"795","evanston lena warren",1
"796","evanston lena warren cvs antioch beach park belleville",1
"797","evanston lena warren cvs belleville bloomington carbondale hoopeston",1
"798","evanston lena warren westmont hyvee bloomington canton",1
"799","evanston walmart anna galesburg marion",1
"800","even s approaching baxley",1
"801","evergreen baptist church",1
"802","exclusive sutton place",1
"803","exp clr 436pm| 416p",1
"804","exp clr 5pm| 506p",1
"805","exp clr 6pm| 510p",1
"806","fairview heights fox river",1
"807","falling 2nd crest",1
"808","fallon olney ottawa pittsfield pontiac quincy",1
"809","fallon olney pittsfield pontiac quincy",1
"810","fallon olney pittsfield pontiac quincy rantoul rockford streator wood river marianos chicago northbrook",1
"811","fallon olney pittsfield pontiac quincy rantoul rockford streator wood river walgreens",1
"812","fallon olney pittsfield pontiac quincy rochelle",1
"813","fallon olney pittsfield pontiac quincy wood river health mart effingham",1
"814","fallon olney pittsfield quincy rockford wood river walgreens",1
"815","fallon pana pekin peoria",1
"816","fallon pekin quincy rock",1
"817","fallon peoria rock",1
"818","fallon rock island springfield costco",1
"819","fallon rock island springfield costco chandaign east peoria",1
"820","fallon rock island springfield health mart bartlett benton centralia effingham lena mcleansboro warren",1
"821","fallon rock island springfield health mart benton centralia effingham lena",1
"822","fayette clay effingham",1
"823","fema disaster recovery center",1
"824","film support services",1
"825","firestone cc quail",1
"826","five inches floodwaters",1
"827","flood prone areas",1
"828","florence county dhec mobile clinic",1
"829","florence county sc highway",1
"830","fonu effingham county",1
"831","foreign investors moon river studios",1
"832","former effingham resident",1
"833","fox river grove frankfort franklin park freeport galesburg geneseo geneva glen carbon glen",1
"834","fox river grove frankfort franklin park freeport galesburg geneseo geneva glen ellyn glendale",1
"835","fox river grove frankfort franklin park freeport galesburg geneseo glen carbon granite city harrisburg",1
"836","fox river grove frankfort franklin park freeport galesburg geneva glen ellyn",1
"837","fox river grove frankfort freeport",1
"838","fox river grove frankfort freeport galesburg geneseo geneva glen carbon",1
"839","fox river grove frankfort freeport galesburg geneseo geneva glen carbon glen ellyn glendale hts",1
"840","free peach product sandles",1
"841","freeport galesburg geneseo glen carbon granite city harrisburg harvard",1
"842","freeport galesburg geneseo harrisburg hazel crest herrin",1
"843","freeport geneva glen ellyn glendale hts",1
"844","ft old number 4 highway",1
"845","funny name mistranslation",1
"846","fzn river city",1
"847","g 830  johnson",1
"848","galesburg geneseo geneva glen carbon glendale hts granite city hainesville hanover park harrisburg",1
"849","galesburg granite city",1
"850","galesburg granite city herrin",1
"851","gapacific savannah river mill",1
"852","geneseo granite city harrisburg herrin highland jerseyville macomb metropolis milan mount vernon murphysboro pana quincy rock island shiloh",1
"853","georgia business friendly moon river studios",1
"854","georgia ebenezer creek",1
"855","georgia pacific savannah river paper mill  rincon",1
"856","georgia state patrol investigators",1
"857","german submarine u507",1
"858","glen carbon glen ellyn glendale hts granite",1
"859","glen carbon granite city hanover park",1
"860","glen carbon harrisburg",1
"861","granite city gurnee",1
"862","granite city gurnee hainesville hanover park",1
"863","granite city hainesville hanover park",1
"864","granite city harrisburg herrin highland jerseyville macomb metropolis milan mount vernon murphysboro pana quincy rock island shiloh",1
"865","great duck race",1
"866","greenwood park river horse valley",1
"867","grove freeport galesburg",1
"868","grove freeport galesburg geneseo",1
"869","grove freeport galesburg geneseo glen carbon granite city grayslake hainesville harrisburg harvard hazel crest herrin hoffman estates",1
"870","grove freeport galesburg geneseo granite city grayslake",1
"871","grove freeport galesburg geneseo granite city grayslake gurnee hainesville",1
"872","grove freeport galesburg geneseo granite city grayslake gurnee hainesville harrisburg hazel crest",1
"873","grove freeport galesburg geneseo grayslake gurnee hainesville harrisburg hazel crest herrin highland hoffman estates",1
"874","grove freeport glen carbon grayslake gurnee hainesville",1
"875","grove swansea taylorville troy",1
"876","grove village elmhurst elmwood park evanston evergreen park fairview heights forest park fox river grove frankfort franklin park freeport galesburg geneseo geneva glen carbon",1
"877","grove village elmhurst elmwood park evanston evergreen park fairview heights fox lake fox river grove frankfort franklin park freeport galesburg geneseo",1
"878","grove village elmhurst elmwood park evanston evergreen park forest park fox lake",1
"879","grove village elmhurst elmwood park evanston evergreen park forest park fox lake fox river",1
"880","grove village elmhurst elmwood park evanston evergreen park forest park fox lake fox river grove frankfort franklin park freeport galesburg",1
"881","grove village elmhurst elmwood park evergreen park fairview heights forest park fox river grove frankfort franklin park freeport",1
"882","grove village elmwood park evanston fairview heights forest park fox lake fox river grove frankfort franklin park freeport galesburg",1
"883","grove village elmwood park fairview heights forest park fox lake",1
"884","grove village evanston forest park fox lake",1
"885","gsp  wreck",1
"886","gt 2062 old augusta rd",1
"887","harrisburg herrin highland jerseyville kewanee macomb metropolis",1
"888","harrisburg herrin highland lawrenceville marion mount vernon murphysboro",1
"889","harrisburg herrin highland lawrenceville marion mount vernon murphysboro olney rockford salem",1
"890","harrisburg herrin lawrenceville marion mount vernon murphysboro",1
"891","harrisburg herrin lawrenceville marion mount vernon murphysboro olney rockford",1
"892","harrisburg jacksonville jerseyville",1
"893","harrisburg lawrenceville marion mount vernon murphysboro olney salem",1
"894","harrisburg lawrenceville marion mount vernon murphysboro olney salem cvs belleville canton hoopeston mendota pekin",1
"895","harrisburg marion mount vernon olney salem cvs belleville hoopeston",1
"896","harwood heights oak lawn",1
"897","health mart bartlett benton carol",1
"898","health mart bartlett benton carol stream centralia chicago dixon effingham",1
"899","health mart bartlett effingham albertsons",1
"900","health mart bartlett effingham walmart",1
"901","health mart bartlett effingham walmart anna freeport galesburg",1
"902","health mart benton centralia chicago effingham lena",1
"903","health mart benton centralia chicago effingham lena mcleansboro",1
"904","health mart effingham",1
"905","healthcare river pollution",1
"906","heavier rains effingham",1
"907","heights fox lake",1
"908","heights fox lake fox river grove",1
"909","heights galesburg granite city",1
"910","heights galesburg granite city harrisburg herrin highland jerseyville macomb metropolis",1
"911","her 2nd shutout",1
"912","herrin lawrenceville marion mount vernon murphysboro olney salem cvs belleville hoopeston pekin",1
"913","herrin marion mount vernon",1
"914","herrin marion mount vernon murphysboro ottawa peoria",1
"915","high school north",1
"916","high school volleyball",1
"917","highland homewood huntley island",1
"918","highland jerseyville kewanee macomb metropolis",1
"919","highland jerseyville macomb mattoon metropolis",1
"920","highland jerseyville macomb metropolis",1
"921","highland lawrenceville marion",1
"922","highland lawrenceville marion moline",1
"923","highland lawrenceville marion moline mount",1
"924","highland lawrenceville marion moline mount vernon murphysboro",1
"925","highland lawrenceville marion mount",1
"926","highland lawrenceville marion mount vernon murphysboro",1
"927","highland lawrenceville marion mount vernon murphysboro olney salem",1
"928","hill crystal lake danville darien decatur",1
"929","hilton head calvary",1
"930","hinely ogeechee river",1
"931","his repeat business",1
"932","historic crests",1
"933","historic tuckasee king",1
"934","hoopeston hyvee galesburg macomb walmart benton carbondale",1
"935","hoopeston pekin walmart benton carbondale",1
"936","hussey gay bell",1
"937","hyvee canton galesburg hamilton macomb milan silvis springfield walmart carmi centralia effingham fairfield flora harrisburg mount vernon olney salem",1
"938","hyvee canton galesburg hamilton macomb rock island",1
"939","i16 traffic pacing",1
"940","inc fonu otcqb | effingham county",1
"941","indian river groves",1
"942","intercourse pa effingham",1
"943","international credit union day",1
"944","is being detoured plan",1
"945","island rockford sherman",1
"946","island sandwich sherman",1
"947","its an enchanting place",1
"948","its banks rural road",1
"949","its corporate headquarters",1
"950","its designated use",1
"951","its new chief",1
"952","its raising capital",1
"953","its raising capital jake shapiro",1
"954","jewelosco algonquin barrington fox lake fox river grove gurnee highland park lake forest lake",1
"955","jewelosco bartlett chicago clarendon hills",1
"956","john henry ceo",1
"957","july 22 dolington rd",1
"958","juv caspian gull",1
"959","kankakee kewanee lake villa lake",1
"960","lake beach sherman",1
"961","lakeland flint river academy",1
"962","last ldv volunteer day",1
"963","late summer drought evidence",1
"964","lawrenceville marion mount",1
"965","lawrenceville marion mount vernon murphysboro",1
"966","lawrenceville marion mount vernon murphysboro olney rockford salem",1
"967","ldv flood defence",1
"968","left manufacturing chemists",1
"969","lena hyvee bloomington canton galesburg hamilton macomb milan moline peoria",1
"970","lena mcleansboro warren costco chandaign",1
"971","lena mcleansboro warren hyvee bloomington canton",1
"972","lena mcleansboro warren hyvee canton galesburg hamilton",1
"973","lena mcleansboro warren jewelosco",1
"974","lena mcleansboro warren jewelosco bloomington chicago",1
"975","lena mcleansboro warren kroger anna",1
"976","lena warren cvs belleville bensenville bloomington broadview",1
"977","lesser blackbacked gull",1
"978","lexden capital llc",1
"979","lincoln macomb marion mattoon moline murphysboro paris pittsfield princeton quincy",1
"980","line effingham county",1
"981","litchfield macomb marion mount vernon",1
"982","litterpicking supvr paul",1
"983","little river band  may 20 2016  effingham performance center  effingham",1
"984","little wabash river flooding",1
"985","log truck shuts",1
"986","louis edwardsville effingham elburn elgin elk grove village elmhurst elmwood park evanston evergreen park fairview heights forest park fox river grove frankfort franklin park freeport galesburg geneseo geneva glen carbon",1
"987","louis edwardsville effingham elburn elgin elk grove village elmhurst elmwood park evanston fairview heights forest park fox lake fox river grove franklin park freeport geneva glen carbon glen ellyn glendale hts",1
"988","ltd steel rollers",1
"989","lydia anne mcgee",1
"990","lynches river bridge",1
"991","lynches river community",1
"992","lynches river county park",1
"993","lynches river cross",1
"994","lynches river forecast crest",1
"995","macomb marion mattoon moline murphysboro ottawa paris pittsfield princeton quincy",1
"996","mahlon borough line",1
"997","major delays us80sr26",1
"998","major river interstate",1
"999","major river interstate  effingham daily news",1
"1000","many freed slaves",1
"1001","marianos buffalo grove chicago frankfort",1
"1002","marianos chicago orland park health mart benton centralia chicago effingham lena",1
"1003","masterplan approved bids",1
"1004","matthew lynches river",1
"1005","matthews crest",1
"1006","meanwhile the great pee dee river",1
"1007","meldrim and old river roads",1
"1008","meldrim rd old river rd",1
"1009","meldrin rd old river rd",1
"1010","melrose park jewelosco",1
"1011","meridian  benton freeburg",1
"1012","metropolis milan moline monmouth mount vernon murphysboro pana pekin peoria",1
"1013","metropolis milan mount vernon murphysboro pana peoria peoria heights",1
"1014","metropolis moline mount vernon",1
"1015","mi 147148 effingham",1
"1016","mid 3 lns",1
"1017","midwest flooding",1
"1018","milan mount vernon",1
"1019","milan mount vernon murphysboro pana quincy springfield",1
"1020","milan ottawa springfield swansea health mart bartlett benton centralia chicago effingham lena warren jewelosco antioch bensenville chicago downers",1
"1021","military hwy 264 e",1
"1022","minor to moderate river flooding",1
"1023","missing effingham county man",1
"1024","moderate flood levels",1
"1025","moderate flood state",1
"1026","moderate flooding stage",1
"1027","moline east saint louis edwardsville effingham",1
"1028","moline effingham freeport galesburg granite city highland kewanee macomb maryville mattoon metropolis",1
"1029","moline fox river",1
"1030","monday 25 river wood crl",1
"1031","monday night class 3a girls",1
"1032","monticello mount vernon murphysboro pana pekin peoria",1
"1033","monticello mount vernon murphysboro pana pekin peoria peoria",1
"1034","moon river deal effingham",1
"1035","moon river master plan  business",1
"1036","moon river movie studios",1
"1037","moon river studio",1
"1038","moon river studio reps",1
"1039","moon river studioplex",1
"1040","moon river studios master plan effingham county commission",1
"1041","moon river studios project rincon ga",1
"1042","moon river studios termination agreement",1
"1043","moon river touts",1
"1044","more info photos",1
"1045","more relaxing scenes",1
"1046","mount vernon murphysboro pana pekin quincy",1
"1047","mount vernon murphysboro pana peoria heights",1
"1048","murphysboro health mart benton centralia chicago effingham",1
"1049","murphysboro new lenox",1
"1050","murphysboro o fallon olney pittsfield pontiac quincy rockford shorewood sterling wood river",1
"1051","murphysboro olney salem cvs belleville",1
"1052","murphysboro olney salem cvs belleville canton",1
"1053","murphysboro olney salem hyvee canton",1
"1054","murphysboro olney salem hyvee galesburg macomb cvs belleville",1
"1055","murphysboro pana pekin peoria",1
"1056","murphysboro pana pekin peru",1
"1057","murphysboro pana peoria",1
"1058","murphysboro pana quincy rock island",1
"1059","murphysboro pana quincy rock island rockford springfield",1
"1060","murphysboro pana quincy springfield",1
"1061","murphysboro pana quincy taylorville wood river walmart anna galesburg marion",1
"1062","my best friend",1
"1063","my happy place",1
"1064","my newest listing 11670  wabash river hills",1
"1065","national bicycle month trec trail bridge",1
"1066","nearby effingham county ebenezer creek",1
"1067","new  river bridge",1
"1068","new bid opportunity 2021t62 reconstruction",1
"1069","new bulletin sales tax rate change summary",1
"1070","new film fonu2 inc",1
"1071","new forecast points",1
"1072","new handstead",1
"1073","new listing $109900000 5br 8ba 16117 n river run effingham il 62401 full details",1
"1074","new record set",1
"1075","new york city history",1
"1076","new yorkbased hudson river foods",1
"1077","next week bills",1
"1078","no major delays",1
"1079","normal  gage height",1
"1080","normal o fallon peoria rock island rockford",1
"1081","normal o fallon peoria rock island springfield",1
"1082","normal rolling meadows",1
"1083","north old georgetown roundtree",1
"1084","north paulding softball",1
"1085","not all are verified clinton",1
"1086","nov 12 1100 pm",1
"1087","nov 27 1000 pm",1
"1088","now largest film studio project development",1
"1089","o fallon peoria rock island rockford",1
"1090","oak brook walmart",1
"1091","oak lawn orland park shorewood cvs",1
"1092","oak lawn river",1
"1093","oak mountain academy effingham",1
"1094","oct 26 2015 prnewswire",1
"1095","oct 9 536 pm edt",1
"1096","october 19th river cities community credit union",1
"1097","ogeechee river advisory authorities",1
"1098","ogeechee river advisory epd",1
"1099","ogeechee river advisorywsavtva",1
"1100","ogeechee river arrestedhe",1
"1101","ogeechee river effingham county sheriff deputies",1
"1102","ogeechee river pollution permit",1
"1103","ogeechee river receding homes",1
"1104","ogeechee river savannah",1
"1105","ogeechee riverkeeper ork",1
"1106","oglethorpe square bracket richmond hill",1
"1107","old river road exit",1
"1108","old river road mp 148 effingham",1
"1109","olde river rd",1
"1110","olney ottawa pittsfield pontiac quincy rantoul rockford",1
"1111","one lane",1
"1112","one westbound lane",1
"1113","online resume | river hills effingham",1
"1114","only 4 waterways",1
"1115","oreillys rd  river",1
"1116","orland park skokie",1
"1117","otcqb marketplace moon river studios",1
"1118","other notable moves",1
"1119","ottawa pekin springfield swansea jewelosco chicago east moline fox river grove lake forest",1
"1120","our  volunteers",1
"1121","our effingham location",1
"1122","our newest  106 pine river path",1
"1123","our newest listing",1
"1124","our two wonderful loaned associates",1
"1125","over 1000 visitors",1
"1126","owen motor sports",1
"1127","painted farm sign",1
"1128","pana pekin quincy",1
"1129","pana pekin quincy rantoul rock island sherman springfield swansea taylorville troy",1
"1130","pana quincy rockford springfield swansea taylorville wood river hyvee canton galesburg hamilton macomb peoria",1
"1131","parent company fonu2",1
"1132","park canton carbondale cary",1
"1133","park health mart bartlett benton carol stream centralia chicago effingham lena mcleansboro warren hyvee bloomington canton galesburg",1
"1134","park health mart benton centralia effingham lena mcleansboro warren",1
"1135","park mettawa mount prospect",1
"1136","park mount prospect health mart bartlett benton centralia effingham lena mcleansboro",1
"1137","park mount prospect plainfield cvs antioch belleville bloomington carbondale chicago",1
"1138","park mount prospect plainfield health mart chicago effingham lena",1
"1139","park pana pekin peoria peoria",1
"1140","park plainfield health mart bartlett benton centralia chicago effingham",1
"1141","park plainfield health mart bartlett benton centralia chicago effingham lena warren cvs belleville bloomington carbondale hoopeston",1
"1142","park plainfield health mart benton centralia effingham lena",1
"1143","park rockford savoy",1
"1144","park troy urbana washington waterloo west peoria wood river yorkville",1
"1145","park waterloo west peoria wood river health mart bartlett benton centralia chicago effingham lena warren jewelosco alsip chicago dekalb east moline",1
"1146","park waterloo westchester wood river hyvee canton galesburg macomb",1
"1147","pee dee river",1
"1148","pekin health mart bartlett benton centralia chicago effingham",1
"1149","pekin peru pittsfield princeton quincy rantoul richton park rockford",1
"1150","pelham street west",1
"1151","peoria east saint louis edwardsville effingham elburn elgin",1
"1152","peru pittsfield plano pontiac princeton quincy rantoul robinson rockford savoy",1
"1153","peru pittsfield pontiac quincy rantoul rockford streator wood river hyvee canton galesburg hamilton macomb milan moline peoria",1
"1154","peru quincy rock island shiloh",1
"1155","peru rock island silvis",1
"1156","peru rock island silvis springfield cvs belleville hoopeston pekin health mart effingham",1
"1157","peru rock island silvis springfield sycamore cvs",1
"1158","peru rock island silvis springfield sycamore cvs belleville",1
"1159","peru rock island silvis springfield sycamore cvs belleville flossmoor",1
"1160","peru rock island silvis springfield sycamore health mart bartlett benton centralia chicago effingham lena warren cvs",1
"1161","peru rock island silvis springfield sycamore health mart bartlett effingham cvs belleville flossmoor hoopeston",1
"1162","phl small biz moon river studios master plan",1
"1163","picking and debris removal  supervisor paul",1
"1164","pine river path effingham",1
"1165","pine river state",1
"1166","pittsfield plano quincy robinson",1
"1167","pittsfield pontiac quincy rockford",1
"1168","pittsfield princeton quincy silvis taylorville",1
"1169","pittsfield quincy rockford wood river hyvee canton galesburg macomb quincy",1
"1170","pittsfield quincy silvis taylorville",1
"1171","police effingham",1
"1172","pontiac princeton quincy rantoul robinson rockford romeoville saint charles savoy",1
"1173","pontiac princeton quincy rantoul robinson rockford savoy",1
"1174","pontiac quincy rock",1
"1175","pontiac quincy rock island sherman shiloh",1
"1176","port authority dredging river",1
"1177","portsmouth accident portsmouth blvd",1
"1178","princeton quincy rantoul richton park rockford",1
"1179","princeton quincy rantoul richton park rockford savoy shelbyville shorewood silvis sterling taylorville urbana vandalia",1
"1180","project water levels",1
"1181","public company fonu2",1
"1182","quarter size m100 inch quartersized hail",1
"1183","quincy rantoul richton park rockford",1
"1184","quincy richton park rockford",1
"1185","quincy rock island rockford sherman springfield swansea taylorville troy",1
"1186","quincy rock island sherman shiloh",1
"1187","quincy rock island shiloh",1
"1188","quincy springfield swansea taylorville wood river health mart bartlett effingham jewelosco morris",1
"1189","rail sys tons",1
"1190","rantoul richton park rockford",1
"1191","rantoul richton park rockford savoy shelbyville",1
"1192","rantoul robinson rockford savoy",1
"1193","rantoul rock island sherman springfield swansea taylorville troy",1
"1194","rantoul rockford savoy streator wood river health mart chicago effingham",1
"1195","rantoul rockford streator wood river",1
"1196","rd  effingham",1
"1197","rd  tractor trailer",1
"1198","rd bdown i264eb",1
"1199","rd in    bid details",1
"1200","recently numerous rivers",1
"1201","red bud morrisonville",1
"1202","regional rd 29 webber rd",1
"1203","regional rd 529 effingham",1
"1204","regional road",1
"1205","reorganization moon rivers parent company fonu2",1
"1206","rescheduled football games",1
"1207","richton park rockford",1
"1208","richton park rockford savoy",1
"1209","richton park rockford shorewood silvis sterling taylorville urbana vandalia",1
"1210","river bridge crossing",1
"1211","river cvs belleville hoopeston kewanee walmart beardstown benton carbondale",1
"1212","river don effingham st bailey",1
"1213","river don effingham street",1
"1214","river doneffingham street",1
"1215","river forest shg",1
"1216","river grove freeport galesburg geneseo glen carbon granite city grayslake",1
"1217","river grove il",1
"1218","river health mart bartlett benton centralia chicago effingham lena mcleansboro warren westmont cvs canton decatur",1
"1219","river health mart bartlett effingham jewelosco morris walmart anna galesburg hodgkins marion",1
"1220","river hyvee canton galesburg hamilton macomb walmart benton",1
"1221","river hyvee galesburg macomb walmart beardstown benton carbondale",1
"1222","river jamboree lynches river county park",1
"1223","river prompts property value appeals",1
"1224","river ridge columbus east paulding alexander effingham",1
"1225","river walmart benton centralia effingham fairfield flora",1
"1226","river zion health mart benton centralia chicago effingham lena mcleansboro warren cvs",1
"1227","river zion hyvee bloomington canton galesburg hamilton macomb milan moline peoria",1
"1228","rock island rockford",1
"1229","rock island rockford round lake beach sherman shiloh",1
"1230","rock island rockford sherman shiloh",1
"1231","rock island sherman springfield swansea",1
"1232","rock island silvis",1
"1233","rock island silvis springfield cvs belleville hoopeston pekin walmart benton carbondale",1
"1234","rock island silvis springfield health mart benton centralia chicago effingham lena",1
"1235","rock island silvis springfield health mart effingham lena marianos",1
"1236","rock island springfield cvs",1
"1237","rock island springfield health mart benton centralia effingham lena mcleansboro warren cvs",1
"1238","rock island springfield health mart effingham lena cvs decatur",1
"1239","rockfish effingham fitness",1
"1240","rockford saint charles",1
"1241","rockford streator wood river marianos chicago frankfort hyvee canton galesburg macomb quincy",1
"1242","round lake beach",1
"1243","royds mill stream",1
"1244","rt  effingham county",1
"1245","rt  georgias moon river studios",1
"1246","rtmoon river ceo",1
"1247","rtmoon river defaults",1
"1248","s effingham",1
"1249","sadly inversion",1
"1250","saint louis edwardsville effingham elburn elgin elk grove village elmhurst elmwood park evanston evergreen park fairview heights forest park fox lake fox river grove frankfort franklin park freeport galesburg geneseo",1
"1251","saint louis effingham",1
"1252","sand hill area",1
"1253","saturday june 30 witnesses",1
"1254","savannah beaufort sc news weather",1
"1255","savannah high  hilton head",1
"1256","savannah morning news advisory",1
"1257","savannah morning news moon",1
"1258","savannah morning news moon river acqui",1
"1259","savannah morning news savannah morning newsm",1
"1260","savannah river effingham",1
"1261","savoy shorewood streator wood river health mart bartlett chicago effingham lena cvs decatur",1
"1262","savoy streator wood river health mart bartlett chicago effingham lena cvs aurora",1
"1263","sc  026ft <u+2191> flood",1
"1264","sc  171ft",1
"1265","sc  188ft",1
"1266","sc  211ft <u+2191> flood",1
"1267","sc  233ft <u+2191> flood",1
"1268","sc  246ft <u+2191> flood",1
"1269","sc  408ft <u+2191> flood",1
"1270","sc  466ft <u+2191> flood",1
"1271","schaumburg shiloh spring grove troy vernon hills",1
"1272","schools spoon river valley",1
"1273","screven and effingham county",1
"1274","screven effingham handton and jasper counties",1
"1275","sen steve mcclures",1
"1276","several hours gtgtgt",1
"1277","several injured and two confirmed fatalities gsp",1
"1278","several october 2013 pages",1
"1279","several sweet dogs",1
"1280","sgt cindy miller",1
"1281","sheffield kudos n thames gull group",1
"1282","shelby county coroner brian green",1
"1283","shoe bear<u+fe0f> visits",1
"1284","shumway il effingham",1
"1285","siu effingham ucm festival",1
"1286","so glad effingham",1
"1287","some good news",1
"1288","some practical conservation",1
"1289","south central il",1
"1290","south chicago heights",1
"1291","south effingham 30 colquitt county",1
"1292","south effingham beach",1
"1293","south effingham tues",1
"1294","spindle point sandbar ossipee",1
"1295","springfield cvs belleville hoopeston kewanee mendota pekin walmart",1
"1296","springfield cvs belleville hoopeston pekin walmart",1
"1297","springfield health mart benton centralia effingham lena mcleansboro warren",1
"1298","springfield health mart benton centralia effingham lena mcleansboro warren cvs",1
"1299","springfield hyvee bloomington canton galesburg hamilton macomb milan moline",1
"1300","springfield st viator",1
"1301","springfield streator swansea taylorville wood river health mart bartlett effingham albertsons",1
"1302","springfield swansea taylorville wood river health mart bartlett effingham",1
"1303","springfield taylorville health mart effingham lena jewelosco east moline fox river grove",1
"1304","springfield walgreens wood river",1
"1305","st 10am free coffee",1
"1306","starburst candy colors",1
"1307","steel bridge boat",1
"1308","sterling streator swansea taylorville washington waterloo west peoria wood river health mart benton centralia chicago effingham",1
"1309","sterling streator taylorville troy",1
"1310","sterling streator taylorville urbana vandalia washington watseka wood river health mart bartlett benton centralia chicago effingham",1
"1311","sterling streator taylorville urbana wood river hyvee bloomington canton galesburg hamilton macomb peoria",1
"1312","sterling swansea taylorville washington waterloo west peoria wood river health mart benton centralia effingham lena",1
"1313","sterling taylorville troy urbana waterloo west peoria wood river walmart benton centralia effingham",1
"1314","sterling taylorville vandalia wood river health mart benton centralia effingham lena mcleansboro warren",1
"1315","sterling taylorville west peoria wood river jewelosco bloomington hyvee canton galesburg macomb quincy",1
"1316","stones river electric lighting techmaintenance electrician effingham",1
"1317","stream centralia chicago effingham evanston freeburg lena mcleansboro",1
"1318","stream centralia chicago effingham lena mcleansboro warren westmont cvs",1
"1319","streamwood swansea third lake tinley",1
"1320","streator swansea taylorville troy",1
"1321","streator taylorville troy",1
"1322","streator wood river cvs",1
"1323","streator wood river health mart bartlett chicago effingham lena cvs aurora",1
"1324","streator wood river hyvee canton galesburg hamilton macomb milan moline peoria",1
"1325","such a tragedy",1
"1326","swansea taylorville troy urbana warrenville washington waterloo west peoria",1
"1327","swansea taylorville troy vernon hills",1
"1328","swansea taylorville troy waterloo",1
"1329","swansea taylorville urbana waterloo west peoria wood river hyvee canton galesburg hamilton macomb cvs belleville walmart benton centralia effingham",1
"1330","swansea taylorville washington waterloo west peoria wood river health mart benton centralia effingham lena",1
"1331","swansea taylorville washington waterloo west peoria wood river health mart benton centralia effingham lena mcleansboro warren jewelosco",1
"1332","swansea taylorville wood river hyvee canton galesburg hamilton macomb peoria",1
"1333","tabs 8 apeace cus",1
"1334","taliban llc kofi river minutemen happyrunner wood nunez",1
"1335","taylorville troy urbana washington waterloo west peoria wood river costco",1
"1336","taylorville troy waterloo west peoria wood river walmart beardstown benton carbondale",1
"1337","taylorville troy waterloo wood river hyvee canton galesburg macomb",1
"1338","taylorville troy waterloo wood river hyvee galesburg macomb cvs belleville hoopeston pekin walmart benton carbondale",1
"1339","taylorville urbana vandalia",1
"1340","taylorville urbana washington waterloo",1
"1341","taylorville urbana waterloo west peoria wood river cvs belleville canton hoopeston kewanee hyvee bloomington galesburg hamilton macomb peoria",1
"1342","taylorville urbana waterloo west peoria wood river hyvee galesburg macomb peoria walmart benton carbondale",1
"1343","taylorville urbana west peoria wood river hyvee bloomington galesburg hamilton macomb peoria",1
"1344","taylorville washington waterloo west peoria wood river health mart benton centralia chicago effingham lena mcleansboro warren cvs",1
"1345","taylorville washington waterloo west peoria wood river health mart benton centralia effingham lena mcleansboro warren jewelosco bensenville",1
"1346","taylorville washington waterloo west peoria wood river hyvee canton galesburg hamilton macomb milan moline peoria",1
"1347","taylorville washington waterloo west peoria wood river kroger anna carbondale decatur",1
"1348","taylorville washington waterloo wood river walmart benton carbondale",1
"1349","taylorville washington wood river health mart bartlett benton carol stream centralia chicago effingham",1
"1350","taylorville washington wood river health mart bartlett effingham",1
"1351","taylorville wood river cvs belleville walmart beardstown benton carbondale",1
"1352","taylorville wood river health",1
"1353","taylorville wood river health mart bartlett effingham jewelosco morris",1
"1354","taylorville wood river hyvee bloomington canton galesburg hamilton macomb milan moline peoria peru rock island silvis springfield health mart effingham cvs belleville hoopeston pekin walmart anna freeport",1
"1355","taylorville wood river hyvee bloomington canton galesburg hamilton macomb milan moline peoria peru rock island silvis springfield sycamore health mart bartlett effingham cvs belleville hoopeston pekin",1
"1356","taylorville wood river hyvee canton walmart",1
"1357","taylorville wood river hyvee galesburg macomb cvs belleville hoopeston pekin walmart benton carbondale",1
"1358","taylorville wood river hyvee galesburg macomb cvs belleville walmart beardstown benton carbondale",1
"1359","taylorville wood river walmart beardstown benton carbondale",1
"1360","temporary road closure",1
"1361","that amazing new yamaha",1
"1362","that atlantic waste",1
"1363","the  don",1
"1364","the  mississippi river",1
"1365","the  snjb",1
"1366","the  volunteer day",1
"1367","the 10th percentile",1
"1368","the 15 minut",1
"1369","the 52 bridge",1
"1370","the 54th senate district",1
"1371","the adult summer franklins gull",1
"1372","the alford family",1
"1373","the american civil war",1
"1374","the ballentine rand",1
"1375","the best dog catcher election coverage",1
"1376","the best local organic lambs",1
"1377","the big movie studio",1
"1378","the boat access rand",1
"1379","the boat landing",1
"1380","the boat rand",1
"1381","the chathameffingham county line man",1
"1382","the city centre",1
"1383","the coastal empire",1
"1384","the complexs allinclusive playground",1
"1385","the concerning news",1
"1386","the crest forecast",1
"1387","the current forecast crest",1
"1388","the discerning buyer",1
"1389","the downtown tunnel",1
"1390","the east river",1
"1391","the eastbound lanes",1
"1392","the ebenezer settlement",1
"1393","the effingham bridge",1
"1394","the effingham companys operations",1
"1395","the effingham county board",1
"1396","the effingham county commission",1
"1397","the effingham county commission meeting",1
"1398","the effingham county emergency manag",1
"1399","the effingham industrial development authority",1
"1400","the effingham performance center",1
"1401","the effingham performance center effingham",1
"1402","the effingham river",1
"1403","the effingham river bottoms",1
"1404","the effingham river effingham",1
"1405","the effingham street stretch",1
"1406","the effingham trec",1
"1407","the enormous hill",1
"1408","the existing culverts",1
"1409","the first hardaway",1
"1410","the flood stage",1
"1411","the flood warning",1
"1412","the following communities avoca red hill west effingham heights",1
"1413","the former 48th",1
"1414","the four counties",1
"1415","the georgia department",1
"1416","the grand opening",1
"1417","the huge development",1
"1418","the hwy 21 exit",1
"1419","the ideal opportunity",1
"1420","the il river",1
"1421","the illinois department",1
"1422","the interstate exit",1
"1423","the juv caspian gull",1
"1424","the kaskaskia little wabash river and embarras river watersheds",1
"1425","the kayak flip",1
"1426","the largest film studio project development",1
"1427","the last week",1
"1428","the latest forecast",1
"1429","the ldv volunteers",1
"1430","the little pee dee river",1
"1431","the local k9 unit",1
"1432","the lower savannah river",1
"1433","the main complex",1
"1434","the main river",1
"1435","the mammoth medient film studios",1
"1436","the million dollar lawsuit",1
"1437","the missouri river",1
"1438","the missouri river view",1
"1439","the moon river film studio controversy",1
"1440","the moon river presentation",1
"1441","the moon river saga",1
"1442","the most popular public boat landings",1
"1443","the music playing",1
"1444","the national weat",1
"1445","the new bridge",1
"1446","the new recreational complex",1
"1447","the next few days levels",1
"1448","the oc 2015 flood",1
"1449","the oct 2015 flood",1
"1450","the ogeechee lowflow advisory",1
"1451","the ogeechee river fish",1
"1452","the ogeechee rivereffingham",1
"1453","the ohio river",1
"1454","the olanta side",1
"1455","the old river road exit",1
"1456","the pee dee area",1
"1457","the pine river state forest measured hail",1
"1458","the previous crest",1
"1459","the red neck bar",1
"1460","the river bank",1
"1461","the river bottoms",1
"1462","the river don effingham road",1
"1463","the river don meet effingham",1
"1464","the river don removing litter",1
"1465","the river fine art photography effingham",1
"1466","the river jamboree",1
"1467","the river level forecast",1
"1468","the river parishes",1
"1469","the river park center owensboro",1
"1470","the river video courtesy esco",1
"1471","the river voluntary evacuation",1
"1472","the royds milll tail",1
"1473","the salvation army",1
"1474","the same thing",1
"1475","the savannah and ogeechee rivers",1
"1476","the savannah river effingham county georgia adam",1
"1477","the sheriffs office",1
"1478","the steel bridge boat",1
"1479","the truck driver",1
"1480","the united states",1
"1481","the usgs gage",1
"1482","the usgs gauge",1
"1483","the vanderbilt and morgan heiresses",1
"1484","the wabash kaskaskia",1
"1485","the wabash river",1
"1486","the water level",1
"1487","the water levels",1
"1488","the welland river",1
"1489","the west side",1
"1490","the whole lynches river bridge",1
"1491","the wild rumpus",1
"1492","the young men",1
"1493","their annual hot dog feed",1
"1494","this    cand effingham",1
"1495","this amazing 2019 yamaha",1
"1496","this highspeed chase",1
"1497","this week monday  vjv practice",1
"1498","those murderkill river fucking rules",1
"1499","thunder crossing river",1
"1500","thursday effingham county",1
"1501","to 1pm",1
"1502","tommy long boat landing effingham county",1
"1503","tommy long landing",1
"1504","traffic alert crash",1
"1505","traffic alert fatal accident shuts",1
"1506","traffic alert northbound i95",1
"1507","traffic depot update traffic alert accident",1
"1508","traffic watch gsp",1
"1509","trained spotter reports",1
"1510","trained spotter reports hail",1
"1511","trec trail bridge ryans",1
"1512","trec trail ryans",1
"1513","troy urbana washington",1
"1514","troy waterloo west peoria wood river hyvee galesburg macomb cvs belleville hoopeston walmart beardstown benton carbondale",1
"1515","tuckasee king boat rand",1
"1516","tue 2p stronger storms",1
"1517","tuesdays fatal wreck",1
"1518","tvs live pd crime",1
"1519","two new bridges",1
"1520","two rivers appointment card food",1
"1521","up to 191 river road",1
"1522","updated effingham county man",1
"1523","urbana vandalia washington watseka wood river hyvee canton galesburg hamilton macomb milan moline peoria",1
"1524","urbana warrenville washington waterloo west peoria",1
"1525","urbana washington waterloo waukegan",1
"1526","urbana washington waterloo west peoria wood river",1
"1527","urbana washington waterloo west peoria wood river health mart bartlett benton centralia chicago effingham lena",1
"1528","urbana washington waterloo west peoria wood river health mart bartlett benton centralia chicago effingham lena warren cvs antioch beach park belleville",1
"1529","urbana washington waterloo west peoria wood river hyvee canton galesburg hamilton macomb walmart benton centralia effingham",1
"1530","urbana washington waterloo west peoria wood river yorkville health mart bartlett benton centralia chicago effingham",1
"1531","urbana washington waterloo west peoria wood river zion health mart bartlett benton centralia chicago effingham lena warren costco",1
"1532","urbana washington waterloo west peoria wood river zion health mart bartlett benton centralia chicago effingham lena warren cvs belleville bloomington broadview",1
"1533","urbana washington west peoria wood river",1
"1534","urbana washington west peoria wood river hyvee galesburg macomb walmart benton carbondale",1
"1535","urbana washington west peoria wood river walmart beardstown benton carbondale",1
"1536","urbana washington west peoria wood river walmart benton",1
"1537","urbana washington west peoria wood river yorkville hyvee galesburg macomb walmart beardstown benton carbondale",1
"1538","urbana waterloo west peoria wood river health mart bartlett benton centralia chicago effingham",1
"1539","urbana waterloo west peoria wood river health mart bartlett benton centralia chicago effingham lena warren cvs belleville",1
"1540","urbana waterloo west peoria wood river hyvee galesburg macomb cvs belleville walmart benton carbondale",1
"1541","urbana waterloo west peoria wood river walmart beardstown benton carbondale",1
"1542","urbana waterloo wood river walmart benton carbondale",1
"1543","urbana watseka wood river health mart bartlett benton carol",1
"1544","urbana west peoria wood river hyvee bloomington galesburg hamilton macomb peoria",1
"1545","urbana west peoria wood river hyvee canton galesburg hamilton macomb cvs belleville walmart benton centralia effingham fairfield flora",1
"1546","urbana west peoria wood river hyvee galesburg macomb cvs belleville kewanee walmart benton carbondale",1
"1547","urbana west peoria wood river hyvee galesburg macomb cvs belleville walmart benton carbondale",1
"1548","urbana west peoria wood river hyvee galesburg macomb peoria",1
"1549","urbana wood river walmart benton carbondale",1
"1550","v6 growth stage",1
"1551","vernon murphysboro o fallon pana pekin peoria",1
"1552","vernon murphysboro pana pekin peoria peoria",1
"1553","vernon murphysboro pana quincy springfield",1
"1554","very heavy snow",1
"1555","victims name",1
"1556","video  little wabash river flooding",1
"1557","vineland townline rd",1
"1558","virginia beach accident",1
"1559","vox populi effingham",1
"1560","wainfleet  pelham fire",1
"1561","walgreens anna carbondale centralia charleston",1
"1562","walgreens anna carbondale centralia chatham effingham harrisburg herrin jacksonville macomb marion metropolis mount vernon murphysboro pana quincy sherman",1
"1563","walmart anna freeport galesburg",1
"1564","walmart carmi centralia effingham fairfield flora harrisburg mount vernon olney salem cvs belleville hoopeston null kewanee hyvee canton galesburg hamilton macomb milan silvis",1
"1565","warren costco lake",1
"1566","warren cvs addison algonquin alton antioch arlington heights",1
"1567","warren hyvee bloomington canton",1
"1568","warren jewelosco algonquin barrington fox lake",1
"1569","warren jewelosco algonquin barrington fox lake fox river grove gurnee highland park lake",1
"1570","warren jewelosco chicago fox lake mchenry palatine river forest yorkville parkway drugs",1
"1571","warren parkway drugs",1
"1572","washington waterloo west peoria wood river marianos aurora chicago shorewood health mart bartlett benton carol stream",1
"1573","washington waterloo west peoria wood river walmart benton carbondale",1
"1574","washington waterloo wood river hyvee canton galesburg macomb",1
"1575","washington waterloo wood river walmart benton carbondale",1
"1576","water effingham county emergency crews",1
"1577","water quality standards",1
"1578","waterloo west peoria wood river health mart bartlett benton centralia chicago effingham lena warren costco chicago",1
"1579","waterloo west peoria wood river hyvee canton galesburg hamilton macomb milan moline peoria",1
"1580","waterloo willowbrook wood river",1
"1581","waterloo wood river cvs belleville",1
"1582","waterloo wood river cvs belleville canton pekin",1
"1583","waterloo wood river cvs belleville hoopeston kewanee pekin walmart benton carbondale",1
"1584","waterloo wood river cvs belleville hoopeston pekin hyvee canton galesburg hamilton macomb",1
"1585","waterloo wood river cvs belleville hoopeston pekin walmart benton carbondale",1
"1586","waterloo wood river hyvee canton galesburg hamilton macomb rock island",1
"1587","watseka wood river health mart benton centralia effingham",1
"1588","watseka wood river health mart benton centralia effingham lena mcleansboro",1
"1589","wauconda waukegan wood river woodstock health mart bartlett benton carol stream centralia chicago effingham",1
"1590","wauconda west peoria wood river yorkville cvs belleville hoopeston pekin hyvee canton galesburg hamilton macomb milan silvis springfield walmart",1
"1591","wauconda wheeling wood river yorkville cvs belleville hoopeston pekin walmart",1
"1592","waukegan wheaton health mart benton centralia chicago effingham lena mcleansboro warren kroger",1
"1593","waukegan wood river",1
"1594","waukegan wood river woodstock zion health mart bartlett benton carol stream centralia chicago effingham",1
"1595","waukegan wood river woodstock zion health mart bartlett benton carol stream centralia chicago effingham lena mcleansboro warren",1
"1596","waukegan wood river zion health mart benton centralia chicago effingham lena",1
"1597","waukegan wood river zion health mart benton centralia effingham lena",1
"1598","waukegan wood river zion health mart benton centralia effingham lena mcleansboro warren cvs",1
"1599","waukegan wood river zion marianos bloomingdale chicago glenview health mart benton centralia effingham lena mcleansboro warren",1
"1600","webber rd regional rd",1
"1601","west chicago west peoria western springs",1
"1602","west peoria westmont wheaton wheeling willowbrook wood river",1
"1603","west peoria wheaton wood river yorkville health mart bartlett benton centralia chicago effingham",1
"1604","west peoria wood river cvs belleville canton hoopeston kankakee kewanee mendota pekin walmart benton carbondale",1
"1605","west peoria wood river cvs belleville canton hoopeston wheaton walmart benton",1
"1606","west peoria wood river cvs belleville hoopeston kewanee walmart beardstown benton carbondale",1
"1607","west peoria wood river cvs belleville hoopeston walmart beardstown benton carbondale",1
"1608","west peoria wood river health mart bartlett benton centralia chicago effingham lena warren costco",1
"1609","west peoria wood river hyvee canton galesburg hamilton macomb walmart",1
"1610","west peoria wood river hyvee galesburg macomb cvs belleville walmart beardstown benton carbondale",1
"1611","west peoria wood river hyvee galesburg macomb walmart beardstown benton carbondale",1
"1612","west peoria wood river hyvee galesburg macomb walmart benton carbondale",1
"1613","west peoria wood river yorkville hyvee canton galesburg hamilton macomb milan silvis springfield cvs belleville hoopeston pekin walmart",1
"1614","west peoria wood river yorkville hyvee galesburg macomb walmart beardstown benton carbondale",1
"1615","westchester wood river walmart benton carbondale",1
"1616","westmont hyvee bloomington canton galesburg",1
"1617","westmont marianos chicago frankfort",1
"1618","westmont wheaton wheeling willowbrook wilmette",1
"1619","what your waybill number",1
"1620","wheaton wheeling willowbrook",1
"1621","wheeling wood river",1
"1622","whiskey river best thing",1
"1623","wilbur rd countess",1
"1624","winnetka wood river woodridge woodstock yorkville health mart chicago effingham parkway drugs",1
"1625","winnetka wood river woodstock yorkville zion health mart chicago effingham hyvee bloomington canton galesburg hamilton macomb milan moline peoria",1
"1626","wknd retreat rt  ogeechee river advisory",1
"1627","wood river cvs",1
"1628","wood river cvs belleville hoopeston kankakee kewanee pekin walmart benton carbondale",1
"1629","wood river cvs belleville hoopeston kewanee pekin walmart benton carbondale",1
"1630","wood river cvs belleville kewanee hyvee galesburg macomb walmart beardstown benton carbondale",1
"1631","wood river cvs belleville walmart beardstown benton carbondale",1
"1632","wood river health mart bartlett benton centralia chicago effingham lena warren cvs belleville bloomington carbondale hoopeston milan ottawa springfield swansea tinley park parkway drugs",1
"1633","wood river health mart benton centralia chicago effingham lena",1
"1634","wood river health mart benton centralia chicago effingham lena mcleansboro warren kroger anna bloomington bourbonnais carbondale decatur",1
"1635","wood river health mart benton centralia effingham",1
"1636","wood river hyvee canton galesburg hamilton macomb milan moline peoria",1
"1637","wood river hyvee canton galesburg hamilton macomb walmart benton",1
"1638","wood river hyvee canton galesburg macomb quincy",1
"1639","wood river hyvee galesburg macomb peoria walmart benton carbondale",1
"1640","wood river walmart beardstown benton carbondale",1
"1641","wood river woodridge walgreens anna beach park bloomington canton carbondale chandaign charleston clinton danville decatur",1
"1642","wood river woodridge worth yorkville costco chicago",1
"1643","wood river woodridge worth yorkville health mart bartlett chicago effingham",1
"1644","wood river woodstock zion health mart bartlett benton carol stream centralia chicago effingham",1
"1645","wood river yorkville health mart bartlett benton centralia chicago effingham",1
"1646","wood river yorkville hyvee bloomington canton galesburg hamilton macomb milan moline peoria",1
"1647","wood river zion health mart benton centralia chicago effingham lena mcleansboro",1
"1648","woodstock worth yorkville health mart bartlett benton carol stream centralia chicago effingham",1
"1649","woodstock worth yorkville health mart chicago effingham lena jewelosco merrionette park morris costco chicago",1
"1650","woodstock zion costco",1
"1651","worth health mart bartlett benton carol stream centralia chicago dixon effingham elgin evanston",1
"1652","worth yorkville walmart benton carbondale",1
"1653","wsav effingham ema  accident",1
"1654","wsavtv effingham county",1
"1655","wsavtv wsavtvwait",1
"1656","xzcv travel luggage cover suitcase protector washable luggage houston",1
"1657","yorkville hyvee bloomington canton galesburg hamilton macomb milan moline peoria",1
"1658","yorkville hyvee canton galesburg hamilton macomb milan moline peoria",1
"1659","yorkville hyvee galesburg macomb walmart beardstown benton carbondale",1
"1660","yorkville zion hyvee bloomington canton galesburg macomb milan moline peoria",1
"1661","your local rivers",1
"1662","zero  area",1
